loan_type,average_amount,loan_count
auto,27498.7752,25
mortgage,342816.64166666666,24
personal,9127.745555555557,18
